"username","password","email"
"apac-trail-user-1","ep*RxH*bN1","apacuser@testjfrog.com"
"apac-trail-user-2","GI6d%2+RJ2","apacuser@testjfrog.com"
"apac-trail-user-3","aDjsfKI3J^","apacuser@testjfrog.com"
"apac-trail-user-4","ZkNG4sXY+$","apacuser@testjfrog.com"
"apac-trail-user-5","eB95zfPz!Y","apacuser@testjfrog.com"
"apac-trail-user-6","qJ8BT#Bu$Y","apacuser@testjfrog.com"
"apac-trail-user-7","H8#xfmX388","apacuser@testjfrog.com"
"apac-trail-user-8","X9Yb4c^!8g","apacuser@testjfrog.com"
"apac-trail-user-9","j&M2nrnRvV","apacuser@testjfrog.com"
"apac-trail-user-10","6Bsue(Z%jJ","apacuser@testjfrog.com"
"apac-trail-user-11","EUWqq@xeX3","apacuser@testjfrog.com"
"apac-trail-user-12","FrY)nBKk4Y","apacuser@testjfrog.com"
"apac-trail-user-13","qYt99I)5s8","apacuser@testjfrog.com"
"apac-trail-user-14","%FdJMa9#jz","apacuser@testjfrog.com"
"apac-trail-user-15","bJ)Px7RzS5","apacuser@testjfrog.com"
"apac-trail-user-16","9uVjc*bZ(2","apacuser@testjfrog.com"
"apac-trail-user-17","xs*Hk1hvtK","apacuser@testjfrog.com"
"apac-trail-user-18","VN#7N4!Way","apacuser@testjfrog.com"
"apac-trail-user-19","MJ5hb@)#b)","apacuser@testjfrog.com"
"apac-trail-user-20","$TH^ua2BSJ","apacuser@testjfrog.com"
"apac-trail-user-21","RK^Dbk2b#W","apacuser@testjfrog.com"
"apac-trail-user-22","pu&Hq*5!)K","apacuser@testjfrog.com"
"apac-trail-user-23",")$L&IgLu9Z","apacuser@testjfrog.com"
"apac-trail-user-24","G$XHTAd9dj","apacuser@testjfrog.com"
"apac-trail-user-25","uL@k8qXH!3","apacuser@testjfrog.com"
"apac-trail-user-26","P#)xkd9+TD","apacuser@testjfrog.com"
"apac-trail-user-27","y2&RZ^&JzQ","apacuser@testjfrog.com"
"apac-trail-user-28","X(ag2@gUjr","apacuser@testjfrog.com"
"apac-trail-user-29","+SQMGaf7jV","apacuser@testjfrog.com"
"apac-trail-user-30","V&exgE9eFf","apacuser@testjfrog.com"

